USE SQL_ASSIGNMENT;

CREATE TABLE SALESMAN (S_ID INT, S_NAME VARCHAR(100), S_CITY VARCHAR(100), COMMISSION FLOAT);
INSERT INTO SALESMAN VALUES
(5001, "jamesh Hoog", "New York", 0.15),
(5002, "Nali Knite", "Paris", 0.13),
(5005, "Pit Alex", "London", 0.11),
(5006, "Mc Lyon", "Paris", 0.14),
(5007, "Paul Adam", "Rome", 0.13),
(5003, "Lauson Hen", "San Jose", 0.12);
-- (5001, "jamesh Hoog", "New York", 0.15);
SELECT * FROM SALESMAN;

CREATE TABLE CUSTOMER (C_ID INT, C_NAME VARCHAR(100), C_CITY VARCHAR(100), C_GRADE INT, S_ID INT);
INSERT INTO CUSTOMER VALUES 
(3002, "Nick Rimando", "New York", 100,5001),
(3007, "Brad Davis", "New York", 200,5001),
(3005, "Graham Zusi", "California", 200,5002),
(3008, "Julian Green", "London", 300,5002),
(3004, "Fabian Johnson", "Paris", 300,5006),
(3009, "Geoff Cameron", "Berlin", 100,5003),
(3003, "Jozy Altidor", "Mascow", 200,5007),
(3001, "Brad Guzman", "London",444,5005);

SELECT * FROM CUSTOMER;

CREATE TABLE ORDERS (O_NO INT, O_AMT FLOAT, O_DATE DATE, C_ID INT, S_ID INT);
INSERT INTO ORDERS VALUES 
(70001, 150.5, "2012-10-05", 3005, 5002),
(70009, 270.5, "2012-09-10", 3001, 5005),
(70002, 65.5, "2012-10-05", 3002, 5001),
(70004, 110.5, "2012-08-17", 3009, 5003),
(70007, 948.5, "2012-09-10", 3005, 5002),
(70005, 2400.5, "2012-07-27", 3007, 5001),
(70008, 5780, "2012-09-10", 3002, 5001),
(70010, 1989.5, "2012-10-10", 3004, 5006),
(70003, 2480.5, "2012-10-10", 3009, 5003),
(70012, 250.5, "2012-10-27", 3008, 5002),
(70011, 75.8, "2012-10-17", 3003, 5007),
(70013, 3045, "2012-10-25", 3002, 5001);
SELECT * FROM ORDERS;

#1
SELECT SALESMAN.S_NAME, CUSTOMER.C_NAME FROM CUSTOMER INNER JOIN SALESMAN ON CUSTOMER.S_ID = SALESMAN.S_ID WHERE SALESMAN.S_CITY = CUSTOMER.C_CITY;
#2
SELECT SALESMAN.S_NAME, CUSTOMER.C_NAME, S_CITY FROM CUSTOMER INNER JOIN SALESMAN ON CUSTOMER.S_ID = SALESMAN.S_ID;
#3
SELECT O_NO FROM ORDERS WHERE O_AMT BETWEEN 500 AND 2000;
#4
A